{
  "version": 1,
  "name": "Administración y Gestión de Base de Datos",
  "section": "TSCSeIA 2023 Q2 1° Cuatrimestre",
  "description": "Nos encontramos Martes de 18 a 22.15 y Miercoles desde las 20.10 a 22.15",
  "room": "SALON",
  "calendarUrl": "https://calendar.google.com/render?cid\u003dc_classroom6bd6e4d9@group.calendar.google.com",
  "videoCallUrl": "https://meet.google.com/fwn-ugnn-emm",
  "courseFolder": {
    "id": "11vHy1zqC5ckNUwZAIdeX-_Rq27o6yGBq-Lsdc8Zss4aniMm43Eia3raQR7V18dcb2nCpVSCx",
    "name": "Administración y Gestión de Base de Datos TSCSeIA 2023 Q2 1° Cuatrimestre",
    "openUrl": "https://drive.google.com/drive/folders/11vHy1zqC5ckNUwZAIdeX-_Rq27o6yGBq-Lsdc8Zss4aniMm43Eia3raQR7V18dcb2nCpVSCx"
  },
  "subject": "Administración y Gestión de Base de Datos",
  "courseState": "ARCHIVED",
  "posts": [{
    "creator": {
      "name": {
        "fullName": "Maximiliano Marchetti"
      }
    },
    "creationTime": "2023-09-06T00:04:38.426Z",
    "updateTime": "2023-09-06T00:05:55.007Z",
    "publicationTime": "2023-09-06T00:05:54.680Z",
    "state": "PUBLISHED",
    "topics": [{
      "name": "Unidad 2 | Modelo Entidad Relación"
    }],
    "materials": [{
      "driveFile": {
        "driveFile": {
          "id": "1YYBI9yRqjsoIA348tsrVB28Rt41n_P9Q",
          "title": "2023Q2-Ejercicios.jpg",
          "alternateLink": "https://drive.google.com/file/d/1YYBI9yRqjsoIA348tsrVB28Rt41n_P9Q/view?usp\u003ddrive_web",
          "thumbnailUrl": "https://lh3.googleusercontent.com/drive-storage/AJQWtBO7uDDEhyji0o1FNRkMndrYLTMxriFAoa9XktRAXu5HLJyg-9_Z5lSeAl5GIzGiGboWjfo1gbJKPVzPSRJ595--NeGkO6umbIK0kOSzrDuwbSg\u003ds200"
        },
        "shareMode": "VIEW"
      }
    }],
    "courseWork": {
      "title": "Ejercicio 1 - Completar Cardinalidades",
      "description": "Estimados, \nLes dejo aquí directamente lo que trabajamos como ejercicio 1, y deben completar la cardinalidad de las relaciones.\nTengan a bien subirlo cuando lo hagan así podemos ir viendo lo entienden como trabajarlo.\n\nSaludos.-",
      "descriptionHtml": "\u003cdiv\u003eEstimados, \u003cbr\u003eLes dejo aquí directamente lo que trabajamos como ejercicio 1, y deben completar la cardinalidad de las relaciones.\u003cbr\u003eTengan a bien subirlo cuando lo hagan así podemos ir viendo lo entienden como trabajarlo.\u003cbr\u003e\u003cbr\u003eSaludos.-\u003c/div\u003e",
      "dueTime": "2023-09-07T23:00:00Z",
      "maxPoints": 100.0,
      "workType": "ASSIGNMENT",
      "submissions": [{
        "student": {
          "profile": {
            "name": {
              "fullName": "Martín Badino"
            },
            "emailAddress": "martinbadino777@gmail.com"
          }
        },
        "gradeCalculationOption": "GRADED",
        "state": "TURNED_IN",
        "assignmentSubmission": {
          "attachments": [{
            "driveFile": {
              "id": "1VenNr4TAdOYKWKM5Xbod3wLjumPIQYXz",
              "title": "Ejercicio Cardinalidades.jpg",
              "alternateLink": "https://drive.google.com/file/d/1VenNr4TAdOYKWKM5Xbod3wLjumPIQYXz/view?usp\u003ddrive_web",
              "thumbnailUrl": "https://lh3.googleusercontent.com/drive-storage/AJQWtBPHjZInOVytpiPufiyM2vyHYVEMd-H0U2hg95bUPo0LqY3_1poLhrLQTsBhNZi7LWQXcggye2vzmnwCRYj8yOlWJo3w7ml1kPL0MmtNAMFHu6k\u003ds200"
            }
          }]
        }
      }]
    }
  }, {
    "creator": {
      "name": {
        "fullName": "Maximiliano Marchetti"
      }
    },
    "creationTime": "2023-08-30T15:47:47.552Z",
    "updateTime": "2023-08-30T15:49:17.497Z",
    "publicationTime": "2023-08-30T15:49:17.282Z",
    "state": "PUBLISHED",
    "topics": [{
      "name": "Unidad 2 | Modelo Entidad Relación"
    }],
    "courseWork": {
      "title": "Entrega OPCIONAL de ejercicios de MODELO ENTIDAD RELACION",
      "description": "Les dejo el espacio para aquellos que quieran entregar el modelo, lo puedan hacer.\nRecuerden que los ejercicios son los siguientes:\n\u003d\u003dPRIMERA PARTE\u003d\u003d\n1. Una secretaría de universidad. La secretaría mantiene datos sobre cada asignatura, incluyendo el profesor, lista de alumnos y la hora y el lugar de las clases. Para cada par estudiante-asignatura se registra su nota.\n\n\n\n2. Una compañía de seguros de autos con un conjunto de clientes, cada uno de los cuales es propietario de un número de autos. Cada auto tiene asociado el número de accidentes registrados.\n\n\n\n3. Un hospital con un conjunto de pacientes y un conjunto de médicos. A cada paciente se le asocia un registro de los análisis realizados.\n\n\u003d\u003dSEGUNDA PARTE\u003d\u003d\n4. En un hospital se desea mantener una base de datos de medicamentos, laboratorios y proveedores. Cada medicamento es fabricado por al menos un laboratorio, pero la adquisición de los mismos es a través de proveedores, los que representan a distintos laboratorios. Un proveedor sólo distribuye algunos productos de los laboratorios que representa. Se desea conocer esta última información para seleccionar aquellos proveedores que trabajen con algún medicamento para emitir las órdenes de compra.\n5. En una empresa se desea almacenar información referente a empleados, sus jefes y sus cargas familiares.\nLos empleados trabajan en departamentos, los cuales tienen un jefe (hay otros jefes de menor jerarquía en el departamento). \nAdemás hay una jerarquía de departamentos. \nEl sueldo de cada empleado se calcula en base al número de personas que están bajo su responsabilidad. \nPara ello se aplica una función f(n), con n el número de empleados a su cargo, que entrega un valor de tipo entero. \nNo se permite que un mismo empleado trabaje en más de un departamento, ni que una misma persona sea carga de más de un empleado. \n",
      "descriptionHtml": "\u003cdiv\u003eLes dejo el espacio para aquellos que quieran entregar el modelo, lo puedan hacer.\u003cbr\u003eRecuerden que los ejercicios son los siguientes:\u003cbr\u003e\u003d\u003dPRIMERA PARTE\u003d\u003d\u003cbr\u003e1. Una secretaría de universidad. La secretaría mantiene datos sobre cada asignatura, incluyendo el profesor, lista de alumnos y la hora y el lugar de las clases. Para cada par estudiante-asignatura se registra su nota.\u003cbr\u003e\u003cbr\u003e\u003cbr\u003e\u003cbr\u003e2. Una compañía de seguros de autos con un conjunto de clientes, cada uno de los cuales es propietario de un número de autos. Cada auto tiene asociado el número de accidentes registrados.\u003cbr\u003e\u003cbr\u003e\u003cbr\u003e\u003cbr\u003e3. Un hospital con un conjunto de pacientes y un conjunto de médicos. A cada paciente se le asocia un registro de los análisis realizados.\u003cbr\u003e\u003cbr\u003e\u003d\u003dSEGUNDA PARTE\u003d\u003d\u003cbr\u003e4. En un hospital se desea mantener una base de datos de medicamentos, laboratorios y proveedores. Cada medicamento es fabricado por al menos un laboratorio, pero la adquisición de los mismos es a través de proveedores, los que representan a distintos laboratorios. Un proveedor sólo distribuye algunos productos de los laboratorios que representa. Se desea conocer esta última información para seleccionar aquellos proveedores que trabajen con algún medicamento para emitir las órdenes de compra.\u003cbr\u003e5. En una empresa se desea almacenar información referente a empleados, sus jefes y sus cargas familiares.\u003cbr\u003eLos empleados trabajan en departamentos, los cuales tienen un jefe (hay otros jefes de menor jerarquía en el departamento). \u003cbr\u003eAdemás hay una jerarquía de departamentos. \u003cbr\u003eEl sueldo de cada empleado se calcula en base al número de personas que están bajo su responsabilidad. \u003cbr\u003ePara ello se aplica una función f(n), con n el número de empleados a su cargo, que entrega un valor de tipo entero. \u003cbr\u003eNo se permite que un mismo empleado trabaje en más de un departamento, ni que una misma persona sea carga de más de un empleado.\u003c/div\u003e",
      "dueTime": "2023-09-06T02:59:00Z",
      "maxPoints": 100.0,
      "workType": "ASSIGNMENT",
      "submissions": [{
        "student": {
          "profile": {
            "name": {
              "fullName": "Martín Badino"
            },
            "emailAddress": "martinbadino777@gmail.com"
          }
        },
        "gradeCalculationOption": "GRADED",
        "state": "TURNED_IN",
        "assignmentSubmission": {
          "attachments": [{
            "driveFile": {
              "id": "17742kwn3sPS6ZjDXlGnTWJOCGEbXHUUt",
              "title": "Ejercicio 1.jpg",
              "alternateLink": "https://drive.google.com/file/d/17742kwn3sPS6ZjDXlGnTWJOCGEbXHUUt/view?usp\u003ddrive_web",
              "thumbnailUrl": "https://lh3.googleusercontent.com/drive-storage/AJQWtBOEl45NTQfRPrf46HeSR_x7VcAKgjBMZRNh_ZyxybgzCGJnp9ikpLzaCsaX9NpiKiKk74Ag2z5aa8j7toUCLGkmOI-UWbg1KJj3em-BMu30kxk\u003ds200"
            }
          }, {
            "driveFile": {
              "id": "1WNYH4v83pxgWgmHTP-KU1KTqcqlk7ZGp",
              "title": "Ejercicio 2.jpg",
              "alternateLink": "https://drive.google.com/file/d/1WNYH4v83pxgWgmHTP-KU1KTqcqlk7ZGp/view?usp\u003ddrive_web",
              "thumbnailUrl": "https://lh3.googleusercontent.com/drive-storage/AJQWtBNBrr2L30lqGT8MleX0mcJFO8HpofH7wxkqF2IvrFeUGbhZkX-ljtqh0ZSvG4rGu50XN_DuxgeKOw0HxEfl0j6ASrf_qFlYqoITdgF6qrsMyPM\u003ds200"
            }
          }, {
            "driveFile": {
              "id": "1G5P3HmIKEZc-K4G15sAqPC-pa7BnXyo_",
              "title": "Ejercicio 3.jpg",
              "alternateLink": "https://drive.google.com/file/d/1G5P3HmIKEZc-K4G15sAqPC-pa7BnXyo_/view?usp\u003ddrive_web",
              "thumbnailUrl": "https://lh3.googleusercontent.com/drive-storage/AJQWtBPyER7Ds7uINzfE3k5Ki-kUa9a0erHWIb-AcwZnccEGl0CpFljRMNpYc-RmRQmC5kukK2oORSHLYsew6dxhvLOXk7XGlcq_HzcyBO3ODPMfa1k\u003ds200"
            }
          }, {
            "driveFile": {
              "id": "1wOa3YsRfCHTrrYfDWRPZOcZQh00bvzjy",
              "title": "Ejercicio 5.jpg",
              "alternateLink": "https://drive.google.com/file/d/1wOa3YsRfCHTrrYfDWRPZOcZQh00bvzjy/view?usp\u003ddrive_web",
              "thumbnailUrl": "https://lh3.googleusercontent.com/drive-storage/AJQWtBMESySIlaRzaldEMXWRosAt0U5JXxSQBCKbAd15wOmhKCUV2YK1-bQh7FRko3sF1PEdqeuGFTk0Q0Doi0glvvMSCIYbvmAX100-PLUhpex5GXU\u003ds200"
            }
          }, {
            "driveFile": {
              "id": "1a_Svxt8AErAOVCEYMVKUtUZ7GAOAPeYr",
              "title": "Ejercicio 4.jpg",
              "alternateLink": "https://drive.google.com/file/d/1a_Svxt8AErAOVCEYMVKUtUZ7GAOAPeYr/view?usp\u003ddrive_web",
              "thumbnailUrl": "https://lh3.googleusercontent.com/drive-storage/AJQWtBME4PHPUtVofuIzOA6ZdNnmzOtwzS64Rx_lmQMNkGPc8B1kQAAUu7sPJaB6SdqGrgTX6NSaB-SjAYzxQgQ_E2gWLNq3WjiuH29I-K4d1toP4-o\u003ds200"
            }
          }]
        }
      }]
    }
  }]
}