{
  "version": 1,
  "posts": [{
    "creationTime": "2020-06-23T14:46:20.848Z",
    "updateTime": "2020-06-23T14:46:20.845Z",
    "publicationTime": "2020-06-23T14:46:20.829Z",
    "state": "PUBLISHED",
    "announcement": {
      "text": "¡Hola Aparicio! Se me rompió el celular. Ahora estoy con esta cuenta; lo digo para que sepas...",
      "textHtml": "\u003cdiv\u003e¡Hola Aparicio! Se me rompió el celular. Ahora estoy con esta cuenta; lo digo para que sepas...\u003c/div\u003e"
    }
  }]
}