{
  "version": 1,
  "posts": [{
    "courseWork": {
      "submissions": [{
        "gradeCalculationOption": "GRADED",
        "state": "TURNED_IN",
        "assignmentSubmission": {
          "attachments": [{
            "driveFile": {
              "id": "1gB3eRtV78dcvS4rcGA001r9h7UclpXuo",
              "title": "Informe.docx",
              "alternateLink": "https://drive.google.com/file/d/1gB3eRtV78dcvS4rcGA001r9h7UclpXuo/view?usp\u003ddrive_web",
              "thumbnailUrl": "https://lh3.googleusercontent.com/drive-storage/AJQWtBP2nxAMCMdhrmAewdzhyA_lPyxhEVcvaBFr1YR_2jJWkeUxVd0EyCaqQsJdSJnzCuKx1H3CdJ1KD2Y6i_InbXgU5EvkodTj72f1Skwck3v0Tkg\u003ds200"
            }
          }]
        },
        "comments": [{
          "creationTime": "2024-06-18T00:53:53.879Z",
          "updateTime": "2024-06-18T00:53:53.879Z",
          "comment": "Ya se reenvió el trabajo corregido",
          "commentHtml": "\u003cdiv\u003eYa se reenvió el trabajo corregido\u003c/div\u003e",
          "state": "PUBLISHED",
          "commentVisibility": "PRIVATE"
        }]
      }]
    }
  }, {
    "courseWork": {
      "submissions": [{
        "gradeCalculationOption": "GRADED",
        "state": "RETURNED",
        "assignmentSubmission": {
          "attachments": [{
            "driveFile": {
              "id": "1wl1K8dDCWd8G2F8y064wUplHDA90SInF",
              "title": "PedidosExpressApp.pdf",
              "alternateLink": "https://drive.google.com/file/d/1wl1K8dDCWd8G2F8y064wUplHDA90SInF/view?usp\u003ddrive_web",
              "thumbnailUrl": "https://lh3.googleusercontent.com/drive-storage/AJQWtBOu8dyrWWQxSCiyBxhesB8v_f_KKI6RR3r79Kd79hwRiw8KY6v452WYNIGO5XnnCDJJ-r_dNbCX0CYSRB_pgRocvTmlqwdKsN_ppyR1F2406Zs\u003ds200"
            }
          }]
        }
      }]
    }
  }, {
    "courseWork": {
      "submissions": [{
        "gradeCalculationOption": "GRADED",
        "state": "RETURNED",
        "assignmentSubmission": {
          "attachments": [{
            "driveFile": {
              "id": "12lB0ySY51ig0IcL1-8TfsrDJsGflyM86",
              "title": "PedidosExpressApp.pdf",
              "alternateLink": "https://drive.google.com/file/d/12lB0ySY51ig0IcL1-8TfsrDJsGflyM86/view?usp\u003ddrive_web",
              "thumbnailUrl": "https://lh3.googleusercontent.com/drive-storage/AJQWtBNoGnSYL1y80fTh_Ih4b8ciSkRj2CwnlhMRU-JCn-OjmB7t0oXH7vMrBcwMSCAxshhgBI1BL2w-0-sSuB8LNdRRLTJzoadJOGrcn7jA7-Bw45k\u003ds200"
            }
          }]
        }
      }]
    }
  }, {
    "courseWork": {
      "submissions": [{
        "gradeCalculationOption": "GRADED",
        "state": "RETURNED",
        "assignmentSubmission": {
          "attachments": [{
            "driveFile": {
              "id": "1QXCdlyHeKs7PsF6feAtX7ph_SdbwRCqYf2KRgZvMZVM",
              "title": "PedidosExpressApp",
              "alternateLink": "https://docs.google.com/document/d/1QXCdlyHeKs7PsF6feAtX7ph_SdbwRCqYf2KRgZvMZVM/edit?usp\u003ddrive_web",
              "thumbnailUrl": "https://lh3.google.com/drive-storage/AJQWtBMNrvj_qUlsoE2ARWW-AiBMKnOqBbgTmkdXx2ylEHAWsetlySYEc4HgT_n_lIUZmtKmg1we__kupRkE45NnL--g5iiqIFUT1GPPmQhhS0s589boc_ct2jxtSV8aMJPWkG7pThE\u003ds200"
            }
          }]
        }
      }]
    }
  }]
}