{
  "version": 1,
  "name": "TSCDIA Gestion de proyectos",
  "section": "Lunes - IFTS 18 - 2do cuat. 2024",
  "calendarUrl": "https://calendar.google.com/render?cid\u003dc_classroom78f07bcd@group.calendar.google.com",
  "videoCallUrl": "https://meet.google.com/wzd-ntsc-sik",
  "courseFolder": {
    "id": "1Nd67gQbI_q4UJXH_61Gmy6zt5kLua6oPw5XlZ9ZHegiJNLr9T5Rc8O0IxRtbj4V84lCDONMB",
    "name": "TSCDIA Gestion de proyectos Lunes - IFTS 18 - 2do cuat. 2024",
    "openUrl": "https://drive.google.com/drive/folders/1Nd67gQbI_q4UJXH_61Gmy6zt5kLua6oPw5XlZ9ZHegiJNLr9T5Rc8O0IxRtbj4V84lCDONMB"
  },
  "photoUrl": "https://gstatic.com/classroom/themes/img_bookclub.jpg",
  "courseState": "ACTIVE",
  "posts": [{
    "creator": {
      "name": {
        "fullName": "Martín Badino"
      },
      "emailAddress": "martinbadino777@gmail.com"
    },
    "creationTime": "2024-10-25T14:06:27.477Z",
    "updateTime": "2024-10-25T14:06:27.442Z",
    "publicationTime": "2024-10-25T14:06:27.233Z",
    "state": "PUBLISHED",
    "announcement": {
      "text": "Hola profe, quería saber si al quedar dos integrantes en el grupo nos tenemos que dividir todos los roles del proyecto entre nosotros dos o dejarnos un rol a cada uno. Muchas gracias.",
      "textHtml": "\u003cdiv\u003eHola profe, quería saber si al quedar dos integrantes en el grupo nos tenemos que dividir todos los roles del proyecto entre nosotros dos o dejarnos un rol a cada uno. Muchas gracias.\u003c/div\u003e"
    },
    "comments": [{
      "creator": {
        "name": {
          "fullName": "Virginia Ines Polcan"
        }
      },
      "creationTime": "2024-10-28T17:17:59.627Z",
      "updateTime": "2024-10-28T17:17:59.627Z",
      "comment": "Hola, dejen un rol cada uno y cuenten en la presentacion lo que \"hizo\" el rol faltante durante el proyecto.",
      "commentHtml": "\u003cdiv\u003eHola, dejen un rol cada uno y cuenten en la presentacion lo que \u0026quot;hizo\u0026quot; el rol faltante durante el proyecto.\u003c/div\u003e",
      "state": "PUBLISHED",
      "commentVisibility": "COURSE"
    }]
  }, {
    "creator": {
      "name": {
        "fullName": "Virginia Ines Polcan"
      }
    },
    "creationTime": "2024-10-22T23:49:49.733Z",
    "updateTime": "2024-10-22T23:50:39.028Z",
    "publicationTime": "2024-10-22T23:50:38.946Z",
    "state": "PUBLISHED",
    "topics": [{
      "name": "Trabajo Practico"
    }],
    "materials": [{
      "driveFile": {
        "driveFile": {
          "id": "17ORuXvCAT25Wszo53EO9prysH9a1Lxta5F2rk3xLGJM",
          "title": "IFTS 18 Defensas",
          "alternateLink": "https://docs.google.com/document/d/17ORuXvCAT25Wszo53EO9prysH9a1Lxta5F2rk3xLGJM/edit?usp\u003ddrive_web",
          "thumbnailUrl": "https://lh3.google.com/drive-storage/AJQWtBM2e8Ak0ezTLm_nWb_uNgXn2MRs3bDPDzAWDe2Wb20mICJuSWzO0hBv_IGazCzTC-sqTD8YRG2KmTn8WfTpPUZmaE-WO7J9ZvyNa0BurGDaSjHNrdP9cY0Eq8mqYcodZJtBTsI\u003ds200"
        },
        "shareMode": "STUDENT_COPY"
      }
    }],
    "courseWork": {
      "title": "Defensa",
      "dueTime": "2024-11-04T21:30:00Z",
      "maxPoints": 10.0,
      "workType": "ASSIGNMENT",
      "submissions": [{
        "student": {
          "profile": {
            "name": {
              "fullName": "Martín Badino"
            },
            "emailAddress": "martinbadino777@gmail.com"
          }
        },
        "gradeCalculationOption": "GRADED",
        "state": "CREATED",
        "assignmentSubmission": {
          "attachments": [{
            "driveFile": {
              "id": "1pCd2Jw3Aji05PW8nS9oA8dGNQa16aomdXxqnLWxyeyE",
              "title": "Martín Badino - IFTS 18 Defensas",
              "alternateLink": "https://docs.google.com/document/d/1pCd2Jw3Aji05PW8nS9oA8dGNQa16aomdXxqnLWxyeyE/edit?usp\u003ddrive_web",
              "thumbnailUrl": "https://lh3.google.com/drive-storage/AJQWtBPD3MatsLFNGpUCgDCxdqiT5TNyXjL96Ik5rpMosJSHdFPaz_81QnhVe_cdlMKYMIQ1n0bDKI1yQoOCWAbNIm-h3Tc4I6Hh1-5FgNRdCSKOgD40yRzGHRJsbA0GoFWi3lnZjg\u003ds200"
            }
          }]
        }
      }]
    }
  }, {
    "creator": {
      "name": {
        "fullName": "Virginia Ines Polcan"
      }
    },
    "creationTime": "2024-10-21T19:50:03.409Z",
    "updateTime": "2024-10-21T19:52:19.469Z",
    "publicationTime": "2024-10-21T19:52:19.381Z",
    "state": "PUBLISHED",
    "topics": [{
      "name": "Trabajo Practico"
    }],
    "materials": [{
      "driveFile": {
        "driveFile": {
          "id": "1nd0Ce7Nwo8astMFT_bCwfz9s41SS5H1BdiaIp82wUt0",
          "title": "IFTS 18 Trabajo practico 2da entrega 2024",
          "alternateLink": "https://docs.google.com/document/d/1nd0Ce7Nwo8astMFT_bCwfz9s41SS5H1BdiaIp82wUt0/edit?usp\u003ddrive_web",
          "thumbnailUrl": "https://lh3.google.com/drive-storage/AJQWtBMRGgb3CaZRcqZtQokQsKp39GR3SvOx07XhCFLA1PDb2IVWzzhTjWbHxX8NC2T0MITyYi2rGlIczB2_XH4mZjyfJ32tX0p4dJYxpmUfMCGF5_smL93HYGtqvMfoWMvmn8MXLg8\u003ds200"
        },
        "shareMode": "STUDENT_COPY"
      }
    }],
    "courseWork": {
      "title": "2da consigna",
      "dueTime": "2024-11-04T02:59:00Z",
      "workType": "ASSIGNMENT",
      "submissions": [{
        "student": {
          "profile": {
            "name": {
              "fullName": "Martín Badino"
            },
            "emailAddress": "martinbadino777@gmail.com"
          }
        },
        "gradeCalculationOption": "GRADED",
        "state": "RETURNED",
        "assignmentSubmission": {
          "attachments": [{
            "driveFile": {
              "id": "1TySttQAU5bolbm1tXmmxR5vUP0DDRLtZ",
              "title": "TP Sistema de detección de fraudes.pdf",
              "alternateLink": "https://drive.google.com/file/d/1TySttQAU5bolbm1tXmmxR5vUP0DDRLtZ/view?usp\u003ddrive_web",
              "thumbnailUrl": "https://lh3.googleusercontent.com/drive-storage/AJQWtBPz0Q5M8C-yrHiSLQQehWR3aiXjC4XLgsAAnWB9zLFB966Imf_OiwThtrNx_0Kex_A6T6f6D2robcSpGWdjn4EaMZ-az-7xulHqAkCUBgJkiw\u003ds200"
            }
          }]
        },
        "comments": [{
          "creator": {
            "name": {
              "fullName": "Virginia Ines Polcan"
            }
          },
          "creationTime": "2024-11-04T15:53:42.053Z",
          "updateTime": "2024-11-04T15:53:42.053Z",
          "comment": "Hola, el trabajo del grupo esta aprobado",
          "commentHtml": "\u003cdiv\u003eHola, el trabajo del grupo esta aprobado\u003c/div\u003e",
          "state": "PUBLISHED",
          "commentVisibility": "PRIVATE"
        }]
      }]
    }
  }, {
    "creator": {
      "name": {
        "fullName": "Martín Badino"
      },
      "emailAddress": "martinbadino777@gmail.com"
    },
    "creationTime": "2024-10-06T18:49:11.634Z",
    "updateTime": "2024-10-06T18:49:11.625Z",
    "publicationTime": "2024-10-06T18:49:11.567Z",
    "state": "PUBLISHED",
    "announcement": {
      "text": "Hola profe, ¿el parcial tiene que estar todo en lapicera o podemos dejar el diagrama de PERT en lápiz?",
      "textHtml": "\u003cdiv\u003eHola profe, ¿el parcial tiene que estar todo en lapicera o podemos dejar el diagrama de PERT en lápiz?\u003c/div\u003e"
    },
    "comments": [{
      "creator": {
        "name": {
          "fullName": "Virginia Ines Polcan"
        }
      },
      "creationTime": "2024-10-07T16:25:25.856Z",
      "updateTime": "2024-10-07T16:25:25.856Z",
      "comment": "Hola, en lapicera por favor",
      "commentHtml": "\u003cdiv\u003eHola, en lapicera por favor\u003c/div\u003e",
      "state": "PUBLISHED",
      "commentVisibility": "COURSE"
    }]
  }, {
    "creator": {
      "name": {
        "fullName": "Martín Badino"
      },
      "emailAddress": "martinbadino777@gmail.com"
    },
    "creationTime": "2024-09-28T13:17:33.260Z",
    "updateTime": "2024-09-28T13:17:33.222Z",
    "publicationTime": "2024-09-28T13:17:32.997Z",
    "state": "PUBLISHED",
    "announcement": {
      "text": "Buen día profe. Quería preguntarte si el lunes 7/10 puedo rendir en el horario de 19:30 porque empecé un trabajo que es hasta las 18:00 hs. Gracias, Martín.",
      "textHtml": "\u003cdiv\u003eBuen día profe. Quería preguntarte si el lunes 7/10 puedo rendir en el horario de 19:30 porque empecé un trabajo que es hasta las 18:00 hs. Gracias, Martín.\u003c/div\u003e"
    },
    "comments": [{
      "creator": {
        "name": {
          "fullName": "Virginia Ines Polcan"
        }
      },
      "creationTime": "2024-09-30T19:16:53.995Z",
      "updateTime": "2024-09-30T19:16:53.995Z",
      "comment": "Hola, si ok",
      "commentHtml": "\u003cdiv\u003eHola, si ok\u003c/div\u003e",
      "state": "PUBLISHED",
      "commentVisibility": "COURSE"
    }]
  }, {
    "creator": {
      "name": {
        "fullName": "Virginia Ines Polcan"
      }
    },
    "creationTime": "2024-08-19T23:53:34.607Z",
    "updateTime": "2024-11-04T15:08:13.562Z",
    "publicationTime": "2024-08-22T18:38:58.657Z",
    "state": "PUBLISHED",
    "topics": [{
      "name": "Trabajo Practico"
    }],
    "materials": [{
      "driveFile": {
        "driveFile": {
          "id": "1fTM04A7IM6v-fA0XXdI-jU6g8rdS5H3dBvUp9ipWkIY",
          "title": "TSCD - GP  - Trabajo Practico Grupal - 1ra consigna",
          "alternateLink": "https://docs.google.com/document/d/1fTM04A7IM6v-fA0XXdI-jU6g8rdS5H3dBvUp9ipWkIY/edit?usp\u003ddrive_web",
          "thumbnailUrl": "https://lh3.google.com/drive-storage/AJQWtBPuDFWvBxJUuHmiz0Et_3ToNdeB7KkJlFWb4m05IJMaaZu_QWGAo7NA7yBKGOtHT26CZwO0SMKSKy9xtgkuwZxjS-DOYBA0XLw_9JETNOr1q33ALGkwU01YER3OVUVA93qOvxo\u003ds200"
        },
        "shareMode": "VIEW"
      }
    }],
    "courseWork": {
      "title": "1ra consigna",
      "description": "2/9/24 a las 23:59hs (consignas de la 1 y 2)\n16/9/24 (consignas 3 al 6)\n\n",
      "descriptionHtml": "\u003cdiv\u003e2/9/24 a las 23:59hs (consignas de la 1 y 2)\u003cbr\u003e16/9/24 (consignas 3 al 6)\u003c/div\u003e",
      "dueTime": "2024-09-17T02:59:00Z",
      "workType": "ASSIGNMENT",
      "submissions": [{
        "student": {
          "profile": {
            "name": {
              "fullName": "Martín Badino"
            },
            "emailAddress": "martinbadino777@gmail.com"
          }
        },
        "gradeCalculationOption": "GRADED",
        "state": "RETURNED",
        "assignmentSubmission": {
          "attachments": [{
            "driveFile": {
              "id": "1mGkzQBxNOxK7zbUGdhPOaO__49vnXZPK",
              "title": "AntiFraude billetera virtual.pod",
              "alternateLink": "https://drive.google.com/file/d/1mGkzQBxNOxK7zbUGdhPOaO__49vnXZPK/view?usp\u003ddrive_web"
            }
          }, {
            "driveFile": {
              "id": "1IUkZL4hhPLCxXsg5tINoDhjWU_HiUPXB",
              "title": "Sistema de detección de fraudes.pdf",
              "alternateLink": "https://drive.google.com/file/d/1IUkZL4hhPLCxXsg5tINoDhjWU_HiUPXB/view?usp\u003ddrive_web",
              "thumbnailUrl": "https://lh3.googleusercontent.com/drive-storage/AJQWtBNhuTcFXOX4VvMkpdnfSywPH9mYAZLXSCGOwDghdRfsh9VS96S0sWJ77197y32JGJRJogmqezOsL469z_HfGMKixouHfcgt_jc9MfXzljdfew\u003ds200"
            }
          }]
        },
        "comments": [{
          "creator": {
            "name": {
              "fullName": "Virginia Ines Polcan"
            }
          },
          "creationTime": "2024-09-06T21:59:23.962Z",
          "updateTime": "2024-09-06T21:59:23.962Z",
          "comment": "Por favor, completar caratula con integrantes del proyecto",
          "commentHtml": "\u003cdiv\u003ePor favor, completar caratula con integrantes del proyecto\u003c/div\u003e",
          "state": "PUBLISHED",
          "commentVisibility": "PRIVATE"
        }, {
          "creator": {
            "name": {
              "fullName": "Virginia Ines Polcan"
            }
          },
          "creationTime": "2024-09-06T23:43:21.360Z",
          "updateTime": "2024-09-06T23:43:21.360Z",
          "comment": "Aprobada 1ra entrega",
          "commentHtml": "\u003cdiv\u003eAprobada 1ra entrega\u003c/div\u003e",
          "state": "PUBLISHED",
          "commentVisibility": "PRIVATE"
        }, {
          "creator": {
            "name": {
              "fullName": "Virginia Ines Polcan"
            }
          },
          "creationTime": "2024-10-22T01:23:08.157Z",
          "updateTime": "2024-10-22T01:23:08.157Z",
          "comment": "1ra consigna aprobada",
          "commentHtml": "\u003cdiv\u003e1ra consigna aprobada\u003c/div\u003e",
          "state": "PUBLISHED",
          "commentVisibility": "PRIVATE"
        }]
      }]
    }
  }]
}