{
  "version": 1,
  "posts": [{
    "creationTime": "2024-06-28T13:25:08.469Z",
    "updateTime": "2024-06-28T13:25:08.454Z",
    "publicationTime": "2024-06-28T13:25:08.358Z",
    "state": "PUBLISHED",
    "announcement": {
      "text": "Hola profe, ¿cómo andás? ¿Los que promocionamos ya terminamos la cursada o va a haber más clases en las que se toma  asistencia?",
      "textHtml": "\u003cdiv\u003eHola profe, ¿cómo andás? ¿Los que promocionamos ya terminamos la cursada o va a haber más clases en las que se toma  asistencia?\u003c/div\u003e"
    }
  }, {
    "creationTime": "2024-06-13T17:56:18.550Z",
    "updateTime": "2024-06-13T17:56:18.547Z",
    "publicationTime": "2024-06-13T17:56:18.527Z",
    "state": "PUBLISHED",
    "announcement": {
      "text": "Hola profe, ¿hay que llevar el DNI físico al parcial o con el digital es suficiente?",
      "textHtml": "\u003cdiv\u003eHola profe, ¿hay que llevar el DNI físico al parcial o con el digital es suficiente?\u003c/div\u003e"
    }
  }, {
    "creationTime": "2024-05-26T18:02:26.340Z",
    "updateTime": "2024-05-26T18:02:26.337Z",
    "publicationTime": "2024-05-26T18:02:26.315Z",
    "state": "PUBLISHED",
    "announcement": {
      "text": "Hola profe, ¿nos dijiste que en el parcial solo entra la Unidad 1 o recuerdo mal?",
      "textHtml": "\u003cdiv\u003eHola profe, ¿nos dijiste que en el parcial solo entra la Unidad 1 o recuerdo mal?\u003c/div\u003e"
    }
  }]
}